question_id,calculated_answer
q001,954
q002,1149
q003,1492
q004,954
q005,448
q006,3362
q007,1625
q008,3036
q009,6552
q010,3691
q011,11691
q012,2190
q013,4410
q014,1251
q015,1824
q016,2950
q017,13437
q018,6440
q019,1342
q020,13447
q021,7054
q022,17446
q023,4672
q024,5771
q025,2179
q026,7920
q027,6237
q028,3348
q029,6015
q030,3809
q031,15474
q032,2305
q033,3527
q034,2419
q035,14975
q036,6651
q037,448
q038,6320
q039,2419
q040,1378
q041,9091
q042,11731
q043,8107
q044,5489
q045,1007
q046,4672
q047,451
q048,3999
q049,12594
q050,6434
q051,613
q052,3999
q053,684
q054,1450
q055,684
q056,2333
