question_id,question
q001,What is 18 × 53?
q002,What is 9106 - 7957?
q003,What is 8914 - 7422?
q004,What is 18 × 53?
q005,What is 16 × 28?
q006,What is 82 × 41?
q007,What is 4804 - 3179?
q008,What is 44 × 69?
q009,What is 5305 + 1247?
q010,What is 5586 - 1895?
q011,What is 4626 + 7065?
q012,What is 8865 - 6675?
q013,What is 70 × 63?
q014,What is 8456 - 7205?
q015,What is 32 × 57?
q016,What is 9418 - 6468?
q017,What is 9853 + 3584?
q018,What is 92 × 70?
q019,What is 22 × 61?
q020,What is 6682 + 6765?
q021,What is 7293 - 239?
q022,What is 9498 + 7948?
q023,What is 73 × 64?
q024,What is 3636 + 2135?
q025,What is 2454 - 275?
q026,What is 6155 + 1765?
q027,What is 63 × 99?
q028,What is 5894 - 2546?
q029,What is 9136 - 3121?
q030,What is 4030 - 221?
q031,What is 6613 + 8861?
q032,What is 8050 - 5745?
q033,What is 6862 - 3335?
q034,What is 41 × 59?
q035,What is 7616 + 7359?
q036,What is 7688 - 1037?
q037,What is 16 × 28?
q038,What is 7636 - 1316?
q039,What is 41 × 59?
q040,What is 8011 - 6633?
q041,What is 7748 + 1343?
q042,What is 3124 + 8607?
q043,What is 6010 + 2097?
q044,What is 7641 - 2152?
q045,What is 8033 - 7026?
q046,What is 73 × 64?
q047,What is 5921 - 5470?
q048,What is 93 × 43?
q049,What is 4739 + 7855?
q050,What is 9611 - 3177?
q051,What is 2067 - 1454?
q052,What is 93 × 43?
q053,What is 57 × 12?
q054,What is 7121 - 5671?
q055,What is 57 × 12?
q056,What is 487 + 1846?
